{"stats":{"minecraft:dropped":{"minecraft:wheat_seeds":2,"minecraft:dirt":1,"minecraft:mud":1},"minecraft:used":{"minecraft:amethyst_block":2,"minecraft:stone_sword":25,"minecraft:stone_pickaxe":94,"minecraft:wooden_pickaxe":45,"minecraft:torch":22,"minecraft:dirt":16,"minecraft:sand":16,"minecraft:crafting_table":2,"minecraft:mud":3,"minecraft:bread":7,"minecraft:iron_pickaxe":3,"minecraft:stone_axe":17,"minecraft:mangrove_roots":3,"minecraft:furnace":1,"minecraft:andesite":6},"minecraft:killed":{"minecraft:spider":2,"minecraft:skeleton":1,"minecraft:sheep":1,"minecraft:chicken":3},"minecraft:killed_by":{"minecraft:player":7,"minecraft:skeleton":1},"minecraft:crafted":{"minecraft:oak_planks":16,"minecraft:crafting_table":2,"minecraft:wooden_pickaxe":3,"minecraft:iron_sword":1,"minecraft:furnace":1,"minecraft:birch_planks":16,"minecraft:stone_axe":1,"minecraft:bread":30,"minecraft:air":0,"minecraft:stick":24,"minecraft:iron_pickaxe":1,"minecraft:iron_ingot":8,"minecraft:stone_pickaxe":1,"minecraft:stone_sword":1,"minecraft:torch":24,"minecraft:wheat":90},"minecraft:mined":{"minecraft:acacia_leaves":4,"minecraft:deepslate_diamond_ore":2,"minecraft:medium_amethyst_bud":2,"minecraft:amethyst_cluster":1,"minecraft:mangrove_roots":3,"minecraft:crafting_table":1,"minecraft:short_grass":25,"minecraft:acacia_log":13,"minecraft:grass_block":10,"minecraft:tall_grass":1,"minecraft:grindstone":2,"minecraft:diorite":7,"minecraft:mangrove_propagule":1,"minecraft:amethyst_block":17,"minecraft:hay_block":9,"minecraft:mud":6,"minecraft:birch_log":5,"minecraft:iron_ore":12,"minecraft:andesite":6,"minecraft:birch_leaves":2,"minecraft:mangrove_leaves":3,"minecraft:oak_log":4,"minecraft:coal_ore":33,"minecraft:vine":1,"minecraft:sand":16,"minecraft:dirt":10,"minecraft:stone":30,"minecraft:deepslate":5},"minecraft:custom":{"minecraft:interact_with_furnace":4,"minecraft:mob_kills":7,"minecraft:interact_with_crafting_table":16,"minecraft:leave_game":1,"minecraft:time_since_death":15997,"minecraft:climb_one_cm":1439,"minecraft:time_since_rest":16166,"minecraft:sprint_one_cm":63513,"minecraft:damage_taken":2520,"minecraft:walk_one_cm":91580,"minecraft:drop":4,"minecraft:damage_dealt":1164,"minecraft:swim_one_cm":10525,"minecraft:fly_one_cm":69899,"minecraft:player_kills":2,"minecraft:open_chest":1,"minecraft:crouch_one_cm":7580,"minecraft:play_time":39502,"minecraft:deaths":8,"minecraft:sneak_time":2435,"minecraft:walk_under_water_one_cm":18830,"minecraft:jump":657,"minecraft:walk_on_water_one_cm":27938,"minecraft:total_world_time":39502,"minecraft:fall_one_cm":15763},"minecraft:picked_up":{"minecraft:wooden_axe":1,"minecraft:birch_log":15,"minecraft:mud":10,"minecraft:crafting_table":3,"minecraft:feather":1,"minecraft:chicken":3,"minecraft:andesite":6,"minecraft:wooden_pickaxe":1,"minecraft:oak_log":4,"minecraft:amethyst_block":32,"minecraft:string":1,"minecraft:dirt":36,"minecraft:moss_carpet":2,"minecraft:bone":1,"minecraft:wheat_seeds":12,"minecraft:cobbled_deepslate":6,"minecraft:stone_pickaxe":3,"minecraft:grindstone":2,"minecraft:oak_planks":18,"minecraft:stick":28,"minecraft:raw_iron":14,"minecraft:acacia_log":12,"minecraft:sand":16,"minecraft:amethyst_shard":4,"minecraft:diorite":8,"minecraft:spider_eye":1,"minecraft:arrow":2,"minecraft:diamond":2,"minecraft:hay_block":10,"minecraft:mangrove_roots":6,"minecraft:oak_sapling":3,"minecraft:melon_seeds":1,"minecraft:mangrove_propagule":1,"minecraft:mutton":1,"minecraft:coal":33,"minecraft:cobblestone":37,"minecraft:white_wool":1}},"DataVersion":3700}