{"stats":{"minecraft:crafted":{"minecraft:oak_planks":8,"minecraft:cooked_porkchop":18,"minecraft:crafting_table":1,"minecraft:furnace":1,"minecraft:stone_axe":1,"minecraft:air":0,"minecraft:stick":12,"minecraft:stone_pickaxe":2},"minecraft:custom":{"minecraft:interact_with_furnace":12,"minecraft:mob_kills":18,"minecraft:interact_with_crafting_table":5,"minecraft:leave_game":5,"minecraft:time_since_death":1807,"minecraft:climb_one_cm":1776,"minecraft:time_since_rest":1831,"minecraft:sprint_one_cm":160399,"minecraft:damage_taken":4521,"minecraft:walk_one_cm":61295,"minecraft:drop":19,"minecraft:damage_dealt":3400,"minecraft:swim_one_cm":11325,"minecraft:fly_one_cm":197107,"minecraft:player_kills":6,"minecraft:open_chest":2,"minecraft:play_time":35848,"minecraft:deaths":7,"minecraft:walk_under_water_one_cm":3288,"minecraft:jump":1060,"minecraft:walk_on_water_one_cm":27445,"minecraft:total_world_time":35848,"minecraft:fall_one_cm":56564},"minecraft:dropped":{"minecraft:stone_sword":1,"minecraft:raw_iron":10,"minecraft:rotten_flesh":4,"minecraft:cobblestone":7,"minecraft:oak_planks":33,"minecraft:coal":30,"minecraft:mutton":2,"minecraft:andesite":4,"minecraft:orange_bed":1},"minecraft:killed_by":{"minecraft:player":1,"minecraft:skeleton":2,"minecraft:zombie":1},"minecraft:mined":{"minecraft:mangrove_roots":1,"minecraft:crafting_table":1,"minecraft:short_grass":113,"minecraft:grass_block":2,"minecraft:chest":1,"minecraft:tall_grass":3,"minecraft:sugar_cane":5,"minecraft:hay_block":13,"minecraft:furnace":2,"minecraft:iron_ore":1,"minecraft:andesite":6,"minecraft:birch_leaves":1,"minecraft:pumpkin":3,"minecraft:mangrove_leaves":3,"minecraft:oak_log":7,"minecraft:coal_ore":6,"minecraft:dirt":5,"minecraft:stone":27,"minecraft:oak_leaves":2},"minecraft:used":{"minecraft:stone_sword":4,"minecraft:iron_shovel":5,"minecraft:stone_pickaxe":22,"minecraft:wooden_pickaxe":29,"minecraft:rotten_flesh":4,"minecraft:torch":1,"minecraft:dirt":12,"minecraft:crafting_table":1,"minecraft:oak_log":1,"minecraft:mud":1,"minecraft:wooden_axe":22,"minecraft:stone_axe":91,"minecraft:mangrove_roots":1,"minecraft:porkchop":11,"minecraft:furnace":3,"minecraft:cooked_porkchop":8,"minecraft:andesite":2},"minecraft:picked_up":{"minecraft:wooden_axe":3,"minecraft:mud":7,"minecraft:iron_chestplate":1,"minecraft:crafting_table":6,"minecraft:andesite":14,"minecraft:wooden_pickaxe":6,"minecraft:flint":1,"minecraft:oak_log":36,"minecraft:map":1,"minecraft:dirt":22,"minecraft:red_bed":2,"minecraft:compass":1,"minecraft:iron_shovel":1,"minecraft:bone":1,"minecraft:acacia_planks":4,"minecraft:wheat_seeds":25,"minecraft:iron_ingot":1,"minecraft:stone_pickaxe":2,"minecraft:sugar_cane":14,"minecraft:chest":1,"minecraft:oak_planks":39,"minecraft:furnace":2,"minecraft:raw_iron":12,"minecraft:stick":8,"minecraft:cooked_porkchop":10,"minecraft:pumpkin":3,"minecraft:torch":2,"minecraft:porkchop":32,"minecraft:amethyst_shard":4,"minecraft:orange_bed":2,"minecraft:stone_sword":2,"minecraft:rotten_flesh":13,"minecraft:stone_axe":1,"minecraft:hay_block":51,"minecraft:gold_ingot":2,"minecraft:mangrove_roots":1,"minecraft:bread":18,"minecraft:oak_sapling":3,"minecraft:mutton":2,"minecraft:mangrove_propagule":2,"minecraft:coal":84,"minecraft:cobblestone":81},"minecraft:killed":{"minecraft:pig":13,"minecraft:zombie":4,"minecraft:drowned":1}},"DataVersion":3700}