{"stats":{"minecraft:dropped":{"minecraft:porkchop":2,"minecraft:crafting_table":1,"minecraft:cooked_porkchop":10,"minecraft:rotten_flesh":3},"minecraft:used":{"minecraft:stone_sword":15,"minecraft:stone_pickaxe":26,"minecraft:oak_planks":1,"minecraft:wooden_pickaxe":8,"minecraft:rotten_flesh":3,"minecraft:iron_chestplate":2,"minecraft:torch":10,"minecraft:dirt":5,"minecraft:crafting_table":3,"minecraft:red_bed":1,"minecraft:bread":5,"minecraft:map":1,"minecraft:stone_axe":2,"minecraft:cobblestone":12,"minecraft:cooked_porkchop":1},"minecraft:killed":{"minecraft:zombie":4,"minecraft:cow":1},"minecraft:killed_by":{"minecraft:player":2,"minecraft:skeleton":1,"minecraft:creeper":1,"minecraft:zombie":1},"minecraft:crafted":{"minecraft:stone_axe":2,"minecraft:stick":28,"minecraft:iron_ingot":11,"minecraft:stone_sword":1,"minecraft:acacia_planks":16,"minecraft:torch":48},"minecraft:mined":{"minecraft:glass_pane":2,"minecraft:red_bed":3,"minecraft:mangrove_roots":5,"minecraft:crafting_table":1,"minecraft:short_grass":7,"minecraft:grass_block":14,"minecraft:cobblestone":1,"minecraft:mangrove_propagule":1,"minecraft:hay_block":39,"minecraft:tall_seagrass":1,"minecraft:mud":5,"minecraft:birch_log":1,"minecraft:iron_ore":4,"minecraft:acacia_wood":4,"minecraft:birch_leaves":2,"minecraft:muddy_mangrove_roots":1,"minecraft:oak_log":6,"minecraft:coal_ore":9,"minecraft:vine":3,"minecraft:dirt":8,"minecraft:stone":5,"minecraft:oak_leaves":2,"minecraft:orange_bed":1},"minecraft:custom":{"minecraft:interact_with_furnace":3,"minecraft:mob_kills":5,"minecraft:interact_with_crafting_table":4,"minecraft:interact_with_grindstone":1,"minecraft:leave_game":3,"minecraft:time_since_death":4512,"minecraft:sleep_in_bed":1,"minecraft:climb_one_cm":2911,"minecraft:time_since_rest":1206,"minecraft:sprint_one_cm":88732,"minecraft:damage_taken":3385,"minecraft:walk_one_cm":106174,"minecraft:drop":6,"minecraft:damage_dealt":1099,"minecraft:swim_one_cm":4512,"minecraft:talked_to_villager":3,"minecraft:fly_one_cm":76395,"minecraft:player_kills":2,"minecraft:open_chest":8,"minecraft:crouch_one_cm":582,"minecraft:play_time":29608,"minecraft:deaths":7,"minecraft:sneak_time":275,"minecraft:walk_under_water_one_cm":11657,"minecraft:jump":559,"minecraft:walk_on_water_one_cm":21881,"minecraft:total_world_time":29608,"minecraft:fall_one_cm":32372},"minecraft:picked_up":{"minecraft:wooden_axe":1,"minecraft:birch_log":1,"minecraft:mud":22,"minecraft:iron_chestplate":3,"minecraft:crafting_table":7,"minecraft:muddy_mangrove_roots":3,"minecraft:leather":1,"minecraft:wooden_pickaxe":1,"minecraft:acacia_wood":4,"minecraft:filled_map":1,"minecraft:oak_log":15,"minecraft:map":3,"minecraft:dirt":23,"minecraft:red_bed":6,"minecraft:moss_carpet":1,"minecraft:bone":2,"minecraft:acacia_planks":14,"minecraft:wheat_seeds":6,"minecraft:beef":1,"minecraft:stone_pickaxe":4,"minecraft:chest":2,"minecraft:sugar_cane":28,"minecraft:oak_planks":1,"minecraft:stick":22,"minecraft:raw_iron":4,"minecraft:cooked_porkchop":11,"minecraft:pumpkin":6,"minecraft:porkchop":2,"minecraft:orange_bed":1,"minecraft:stone_sword":3,"minecraft:rotten_flesh":10,"minecraft:hay_block":74,"minecraft:bread":9,"minecraft:mangrove_roots":5,"minecraft:gold_ingot":6,"minecraft:oak_sapling":1,"minecraft:coal":75,"minecraft:mangrove_propagule":6,"minecraft:cobblestone":53}},"DataVersion":3700}