{"stats":{"minecraft:dropped":{"minecraft:stone_axe":2,"minecraft:kelp":2,"minecraft:porkchop":2,"minecraft:wheat_seeds":1,"minecraft:lilac":1,"minecraft:crafting_table":1,"minecraft:cooked_porkchop":10,"minecraft:mangrove_propagule":2,"minecraft:yellow_terracotta":1,"minecraft:rotten_flesh":3,"minecraft:leather":12,"minecraft:filled_map":1,"minecraft:dirt":4,"minecraft:oak_sapling":1,"minecraft:bamboo":4,"minecraft:acacia_planks":2,"minecraft:egg":1,"minecraft:bone":1,"minecraft:terracotta":2},"minecraft:used":{"minecraft:water_bucket":12,"minecraft:acacia_boat":3,"minecraft:stone_sword":87,"minecraft:stone_pickaxe":82,"minecraft:oak_planks":1,"minecraft:wooden_pickaxe":8,"minecraft:rotten_flesh":4,"minecraft:iron_chestplate":2,"minecraft:torch":10,"minecraft:dirt":5,"minecraft:crafting_table":7,"minecraft:red_bed":5,"minecraft:lava_bucket":1,"minecraft:bread":5,"minecraft:melon_slice":44,"minecraft:map":2,"minecraft:stone_axe":135,"minecraft:cobblestone":13,"minecraft:cooked_porkchop":1,"minecraft:bucket":15},"minecraft:killed_by":{"minecraft:player":2,"minecraft:skeleton":1,"minecraft:creeper":1,"minecraft:zombie":1},"minecraft:killed":{"minecraft:pig":8,"minecraft:sheep":3,"minecraft:zombie":4,"minecraft:chicken":3,"minecraft:cow":16},"minecraft:crafted":{"minecraft:bucket":2,"minecraft:stone_axe":3,"minecraft:acacia_boat":1,"minecraft:stick":28,"minecraft:iron_ingot":11,"minecraft:stone_sword":1,"minecraft:acacia_planks":24,"minecraft:torch":48},"minecraft:custom":{"minecraft:interact_with_furnace":3,"minecraft:mob_kills":34,"minecraft:interact_with_crafting_table":10,"minecraft:interact_with_grindstone":1,"minecraft:leave_game":5,"minecraft:time_since_death":55237,"minecraft:sleep_in_bed":6,"minecraft:climb_one_cm":4188,"minecraft:time_since_rest":66,"minecraft:sprint_one_cm":255073,"minecraft:damage_taken":3769,"minecraft:walk_one_cm":224122,"minecraft:drop":23,"minecraft:damage_dealt":3759,"minecraft:swim_one_cm":17522,"minecraft:talked_to_villager":5,"minecraft:fly_one_cm":359398,"minecraft:player_kills":2,"minecraft:open_chest":8,"minecraft:crouch_one_cm":1063,"minecraft:play_time":80333,"minecraft:deaths":7,"minecraft:sneak_time":621,"minecraft:walk_under_water_one_cm":27746,"minecraft:boat_one_cm":371172,"minecraft:interact_with_brewingstand":1,"minecraft:jump":1920,"minecraft:interact_with_smithing_table":1,"minecraft:interact_with_blast_furnace":1,"minecraft:walk_on_water_one_cm":37562,"minecraft:fall_one_cm":73696,"minecraft:total_world_time":80333},"minecraft:mined":{"minecraft:yellow_terracotta":1,"minecraft:acacia_leaves":8,"minecraft:glass_pane":2,"minecraft:red_bed":6,"minecraft:dark_oak_leaves":1,"minecraft:kelp_plant":1,"minecraft:mangrove_roots":5,"minecraft:crafting_table":5,"minecraft:short_grass":55,"minecraft:acacia_log":14,"minecraft:grass_block":18,"minecraft:melon":48,"minecraft:tall_grass":8,"minecraft:cobblestone":1,"minecraft:mangrove_propagule":1,"minecraft:hay_block":61,"minecraft:tall_seagrass":1,"minecraft:red_terracotta":1,"minecraft:mud":5,"minecraft:birch_log":1,"minecraft:iron_ore":4,"minecraft:fire":3,"minecraft:acacia_wood":4,"minecraft:lilac":8,"minecraft:birch_leaves":6,"minecraft:muddy_mangrove_roots":1,"minecraft:oak_log":12,"minecraft:coal_ore":9,"minecraft:vine":4,"minecraft:cherry_leaves":43,"minecraft:dirt":8,"minecraft:terracotta":2,"minecraft:bamboo":6,"minecraft:stone":12,"minecraft:oak_leaves":14,"minecraft:orange_bed":1,"minecraft:fern":10},"minecraft:picked_up":{"minecraft:wooden_axe":1,"minecraft:birch_log":1,"minecraft:pink_petals":59,"minecraft:mud":22,"minecraft:crafting_table":11,"minecraft:iron_chestplate":3,"minecraft:muddy_mangrove_roots":3,"minecraft:lilac":8,"minecraft:chicken":3,"minecraft:leather":12,"minecraft:wooden_pickaxe":1,"minecraft:acacia_wood":4,"minecraft:filled_map":1,"minecraft:oak_log":21,"minecraft:acacia_boat":3,"minecraft:map":3,"minecraft:dirt":26,"minecraft:red_bed":9,"minecraft:moss_carpet":1,"minecraft:bone":2,"minecraft:acacia_planks":14,"minecraft:kelp":2,"minecraft:wheat_seeds":19,"minecraft:beef":30,"minecraft:stone_pickaxe":4,"minecraft:bamboo":68,"minecraft:melon_slice":232,"minecraft:sugar_cane":28,"minecraft:chest":2,"minecraft:oak_planks":1,"minecraft:egg":1,"minecraft:stick":22,"minecraft:raw_iron":4,"minecraft:cooked_porkchop":11,"minecraft:pumpkin":6,"minecraft:acacia_log":14,"minecraft:porkchop":15,"minecraft:orange_bed":1,"minecraft:stone_sword":3,"minecraft:rotten_flesh":10,"minecraft:stone_axe":1,"minecraft:hay_block":96,"minecraft:cherry_sapling":4,"minecraft:yellow_terracotta":1,"minecraft:mangrove_roots":5,"minecraft:gold_ingot":6,"minecraft:bread":9,"minecraft:terracotta":2,"minecraft:oak_sapling":2,"minecraft:mutton":3,"minecraft:mangrove_propagule":6,"minecraft:coal":75,"minecraft:white_wool":3,"minecraft:cobblestone":60}},"DataVersion":3700}