{"stats":{"minecraft:picked_up":{"minecraft:wheat_seeds":5,"minecraft:dandelion":1,"minecraft:dirt":1},"minecraft:custom":{"minecraft:jump":99,"minecraft:time_since_rest":4626,"minecraft:damage_dealt":20,"minecraft:leave_game":5,"minecraft:play_time":4626,"minecraft:sprint_one_cm":9663,"minecraft:damage_taken":125,"minecraft:time_since_death":4626,"minecraft:walk_one_cm":6887,"minecraft:total_world_time":4626,"minecraft:fall_one_cm":1914,"minecraft:drop":5,"minecraft:fly_one_cm":11369},"minecraft:used":{"minecraft:dirt":1,"minecraft:dandelion":1},"minecraft:mined":{"minecraft:tall_grass":4,"minecraft:short_grass":17,"minecraft:grass_block":1,"minecraft:dandelion":1},"minecraft:dropped":{"minecraft:wheat_seeds":5}},"DataVersion":3700}