{"stats":{"minecraft:used":{"minecraft:moss_carpet":1,"minecraft:stone_pickaxe":87,"minecraft:wooden_pickaxe":27,"minecraft:orange_bed":1,"minecraft:dirt":2,"minecraft:mutton":1,"minecraft:crafting_table":6,"minecraft:wooden_axe":9,"minecraft:bread":4,"minecraft:gravel":5,"minecraft:stone_axe":68,"minecraft:mangrove_roots":1,"minecraft:cooked_porkchop":1},"minecraft:killed_by":{"minecraft:player":3,"minecraft:skeleton":5,"minecraft:creeper":1,"minecraft:zombie":1},"minecraft:killed":{"minecraft:pig":1,"minecraft:spider":1,"minecraft:sheep":10,"minecraft:skeleton":1,"minecraft:zombie":2,"minecraft:chicken":2},"minecraft:crafted":{"minecraft:oak_planks":80,"minecraft:cooked_porkchop":1,"minecraft:crafting_table":4,"minecraft:wooden_pickaxe":3,"minecraft:stone_axe":2,"minecraft:bread":5,"minecraft:stick":20,"minecraft:iron_ingot":24,"minecraft:stone_pickaxe":2,"minecraft:wooden_axe":3,"minecraft:wheat":81},"minecraft:mined":{"minecraft:acacia_leaves":3,"minecraft:mangrove_roots":1,"minecraft:crafting_table":6,"minecraft:short_grass":8,"minecraft:acacia_log":6,"minecraft:grass_block":4,"minecraft:hay_block":9,"minecraft:tall_seagrass":1,"minecraft:furnace":1,"minecraft:iron_ore":10,"minecraft:coal_ore":61,"minecraft:oak_log":30,"minecraft:gravel":6,"minecraft:dirt":1,"minecraft:stone":39,"minecraft:oak_leaves":3,"minecraft:orange_bed":2},"minecraft:custom":{"minecraft:interact_with_furnace":7,"minecraft:mob_kills":17,"minecraft:interact_with_cartography_table":1,"minecraft:interact_with_crafting_table":12,"minecraft:leave_game":3,"minecraft:time_since_death":38,"minecraft:sleep_in_bed":1,"minecraft:climb_one_cm":2346,"minecraft:time_since_rest":87,"minecraft:sprint_one_cm":102427,"minecraft:damage_taken":4729,"minecraft:walk_one_cm":127435,"minecraft:damage_dealt":2971,"minecraft:swim_one_cm":16703,"minecraft:talked_to_villager":5,"minecraft:fly_one_cm":62803,"minecraft:player_kills":3,"minecraft:open_chest":4,"minecraft:crouch_one_cm":252,"minecraft:play_time":41587,"minecraft:deaths":13,"minecraft:sneak_time":194,"minecraft:walk_under_water_one_cm":16979,"minecraft:jump":594,"minecraft:walk_on_water_one_cm":18790,"minecraft:total_world_time":41587,"minecraft:fall_one_cm":33436},"minecraft:picked_up":{"minecraft:wooden_axe":2,"minecraft:mud":2,"minecraft:crafting_table":7,"minecraft:feather":2,"minecraft:chicken":2,"minecraft:brown_wool":2,"minecraft:wooden_pickaxe":2,"minecraft:flint":1,"minecraft:oak_log":31,"minecraft:string":2,"minecraft:dirt":4,"minecraft:moss_carpet":1,"minecraft:compass":1,"minecraft:bone":2,"minecraft:wheat_seeds":1,"minecraft:stone_pickaxe":2,"minecraft:oak_planks":42,"minecraft:egg":2,"minecraft:furnace":1,"minecraft:raw_iron":20,"minecraft:acacia_log":6,"minecraft:gravel":5,"minecraft:porkchop":1,"minecraft:amethyst_shard":4,"minecraft:diorite":1,"minecraft:orange_bed":3,"minecraft:arrow":1,"minecraft:rotten_flesh":6,"minecraft:stone_axe":1,"minecraft:hay_block":18,"minecraft:mangrove_roots":1,"minecraft:oak_sapling":3,"minecraft:mutton":16,"minecraft:cobblestone":44,"minecraft:coal":61,"minecraft:white_wool":10}},"DataVersion":3700}