{"stats":{"minecraft:picked_up":{"minecraft:flint":1,"minecraft:oak_log":13,"minecraft:oak_sapling":1,"minecraft:dirt":2},"minecraft:custom":{"minecraft:time_since_rest":7319,"minecraft:open_chest":1,"minecraft:sprint_one_cm":12364,"minecraft:play_time":7319,"minecraft:damage_taken":50,"minecraft:walk_one_cm":6338,"minecraft:sneak_time":9,"minecraft:walk_under_water_one_cm":371,"minecraft:jump":102,"minecraft:leave_game":4,"minecraft:walk_on_water_one_cm":398,"minecraft:time_since_death":7319,"minecraft:total_world_time":7319,"minecraft:swim_one_cm":15634,"minecraft:fall_one_cm":3505,"minecraft:fly_one_cm":11272},"minecraft:used":{"minecraft:oak_log":1,"minecraft:dirt":2,"minecraft:oak_sapling":1},"minecraft:mined":{"minecraft:seagrass":2,"minecraft:tall_seagrass":2,"minecraft:oak_log":13,"minecraft:gravel":1,"minecraft:dirt":2,"minecraft:oak_leaves":6}},"DataVersion":3700}